[
    {
        "id": 2,
        "title": "Men Without Women",
        "content": "kumpulan tujuh cerita pendek yang diwarnai oleh berbagai karakter dengan profesi yang berbeda-beda; mulai dari aktor, penulis, dokter kecantikan, ibu rumah tangga biasa sampai pemilik bar. Namun, tujuh kisah ini mempunyai satu benang merah, yaitu bagaimana kehadiran wanita yang sangat...",
        "email": "bspeere1@mail.ru",
        "gender": "Male"
    },
    {
        "id": 2,
        "title": "Men Without Women",
        "content": "kumpulan tujuh cerita pendek yang diwarnai oleh berbagai karakter dengan profesi yang berbeda-beda; mulai dari aktor, penulis, dokter kecantikan, ibu rumah tangga biasa sampai pemilik bar. Namun, tujuh kisah ini mempunyai satu benang merah, yaitu bagaimana kehadiran wanita yang sangat...",
        "email": "bspeere1@mail.ru",
        "gender": "Male"
    },
    {
        "id": 2,
        "title": "Men Without Women",
        "content": "kumpulan tujuh cerita pendek yang diwarnai oleh berbagai karakter dengan profesi yang berbeda-beda; mulai dari aktor, penulis, dokter kecantikan, ibu rumah tangga biasa sampai pemilik bar. Namun, tujuh kisah ini mempunyai satu benang merah, yaitu bagaimana kehadiran wanita yang sangat...",
        "email": "bspeere1@mail.ru",
        "gender": "Male"
    }
]