[
    {
        "id": 1,
        "title": "Men Without Women",
        "content": "kumpulan tujuh cerita pendek yang diwarnai oleh berbagai karakter dengan profesi yang berbeda-beda; mulai dari aktor, penulis, dokter kecantikan, ibu rumah tangga biasa sampai pemilik bar. Namun, tujuh kisah ini mempunyai satu benang merah, yaitu bagaimana kehadiran wanita yang sangat...",
        "email": "bspeere1@mail.ru",
        "gender": "Male"
    },
    {
        "id": 2,
        "title": "women without men",
        "content": "kumpulan tujuh cerita pendek yang diwarnai oleh berbagai karakter dengan profesi yang berbeda-beda; mulai dari aktor, penulis, dokter kecantikan, ibu rumah tangga biasa sampai pemilik bar. Namun, tujuh kisah ini mempunyai satu benang merah, yaitu bagaimana kehadiran wanita yang sangat...",
        "email": "bspeere1@mail.ru",
        "gender": "Male"
    },
    {
        "id": 3,
        "title": "Men Without Women",
        "content": "bukadikit kumpulan tujuh cerita pendek yang diwarnai oleh berbagai karakter dengan profesi yang berbeda-beda; mulai dari aktor, penulis, dokter kecantikan, ibu rumah tangga biasa sampai pemilik bar. Namun, tujuh kisah ini mempunyai satu benang merah, yaitu bagaimana kehadiran wanita yang sangat...",
        "email": "bspeere1@mail.ru",
        "gender": "Male"
    },
    {
        "id": 4,
        "title": "Men Without Women",
        "content": "kumpulan tujuh cerita pendek yang diwarnai oleh berbagai karakter dengan profesi yang berbeda-beda; mulai dari aktor, penulis, dokter kecantikan, ibu rumah tangga biasa sampai pemilik bar. Namun, tujuh kisah ini mempunyai satu benang merah, yaitu bagaimana kehadiran wanita yang sangat...",
        "email": "bspeere1@mail.ru",
        "gender": "Male"
    },
    {
        "id": 5,
        "title": "Men Without Women",
        "content": "kumpulan tujuh cerita pendek yang diwarnai oleh berbagai karakter dengan profesi yang berbeda-beda; mulai dari aktor, penulis, dokter kecantikan, ibu rumah tangga biasa sampai pemilik bar. Namun, tujuh kisah ini mempunyai satu benang merah, yaitu bagaimana kehadiran wanita yang sangat...",
        "email": "bspeere1@mail.ru",
        "gender": "Male"
    },
    {
        "id": 6,
        "title": "Men Without Women",
        "content": "bukadikit kumpulan tujuh cerita pendek yang diwarnai oleh berbagai karakter dengan profesi yang berbeda-beda; mulai dari aktor, penulis, dokter kecantikan, ibu rumah tangga biasa sampai pemilik bar. Namun, tujuh kisah ini mempunyai satu benang merah, yaitu bagaimana kehadiran wanita yang sangat...",
        "email": "bspeere1@mail.ru",
        "gender": "Male"
    },
    {
        "id": 7,
        "title": "Men Without Women",
        "content": "kumpulan tujuh cerita pendek yang diwarnai oleh berbagai karakter dengan profesi yang berbeda-beda; mulai dari aktor, penulis, dokter kecantikan, ibu rumah tangga biasa sampai pemilik bar. Namun, tujuh kisah ini mempunyai satu benang merah, yaitu bagaimana kehadiran wanita yang sangat...",
        "email": "bspeere1@mail.ru",
        "gender": "Male"
    },
    {
        "id": 8,
        "title": "Men Without Women",
        "content": "bukadikit kumpulan tujuh cerita pendek yang diwarnai oleh berbagai karakter dengan profesi yang berbeda-beda; mulai dari aktor, penulis, dokter kecantikan, ibu rumah tangga biasa sampai pemilik bar. Namun, tujuh kisah ini mempunyai satu benang merah, yaitu bagaimana kehadiran wanita yang sangat...",
        "email": "bspeere1@mail.ru",
        "gender": "Male"
    },
    {
        "id": 9,
        "title": "Men Without Women",
        "content": "kumpulan tujuh cerita pendek yang diwarnai oleh berbagai karakter dengan profesi yang berbeda-beda; mulai dari aktor, penulis, dokter kecantikan, ibu rumah tangga biasa sampai pemilik bar. Namun, tujuh kisah ini mempunyai satu benang merah, yaitu bagaimana kehadiran wanita yang sangat...",
        "email": "bspeere1@mail.ru",
        "gender": "Male"
    },
    {
        "id": 10,
        "title": "Men Without Women",
        "content": "bukadikit kumpulan tujuh cerita pendek yang diwarnai oleh berbagai karakter dengan profesi yang berbeda-beda; mulai dari aktor, penulis, dokter kecantikan, ibu rumah tangga biasa sampai pemilik bar. Namun, tujuh kisah ini mempunyai satu benang merah, yaitu bagaimana kehadiran wanita yang sangat...",
        "email": "bspeere1@mail.ru",
        "gender": "Male"
    },
    {
        "id": 11,
        "title": "Men Without Women",
        "content": "kumpulan tujuh cerita pendek yang diwarnai oleh berbagai karakter dengan profesi yang berbeda-beda; mulai dari aktor, penulis, dokter kecantikan, ibu rumah tangga biasa sampai pemilik bar. Namun, tujuh kisah ini mempunyai satu benang merah, yaitu bagaimana kehadiran wanita yang sangat...",
        "email": "bspeere1@mail.ru",
        "gender": "Male"
    }
]